2022/6/23 14:03,PO5010809000040732019021356690,移动电话漫游的种类？目前国内漫游采用哪一种方式？
2019/2/13 15:19,PO5010809000040732019021356689,客户在边界地不加区号拔打固话如何收费？
2019/2/13 15:19,PO5010809000040732019021356688,什么是移动电话的漫游？
2019/2/13 15:19,PO5010809000040732019021356687,交费方式介绍
2019/2/13 15:18,PO5010809000040732019021356686,客户号码的组成
2019/2/13 15:18,PO5010809000040732019021356685,话费查询介绍
2019/2/13 15:18,PO5010809000040732019021356684,中国移动网络介绍
2019/2/13 15:18,PO5010809000040732019021356683,个人服务密码介绍
2019/2/13 15:18,PO5010809000040732019021356682,GSM相关知识
2019/2/13 15:18,PO5010809000040732019021356681,手机死机的原因简析
2019/2/13 15:07,PO5010809000040732019021356680,延长手机电池使用寿命的七个诀窍
2019/2/13 15:07,PO5010809000040732019021356679,WAP上网设置5分钟速成
2019/2/13 15:07,PO5010809000040732019021356678,手机进水与自动关机的处理方法
2019/2/13 15:07,PO5010809000040732019021356677,手机疑难汉字如何打？
2019/2/13 15:07,PO5010809000040732019021356676,手机常见问题综合问答
2019/2/13 15:07,PO5010809000040732019021356674,电话总是提示“暂时无法接通”是什么原因？
2019/2/13 15:07,PO5010809000040732019021356673,手机在使用过程中出现掉线、无法接通的原因是什么？
2019/2/13 15:07,PO5010809000040732019021356672,我的手机为何无法使用呼叫等待与保持业务呢？
2019/2/13 15:05,PO5010809000040732019021356671,什么是PIN码？
2019/2/13 14:42,PO5010809000040732019021356663,什么是手机个人服务密码，它有什么作用呢？
2019/2/13 14:42,PO5010809000040732019021356660,在使用呼叫等待与保持功能时，我能进行三方同时通话吗？
2019/2/13 14:42,PO5010809000040732019021356659,什么是PIN2码？
2019/2/13 14:42,PO5010809000040732019021356658,河南省GSM 网交换机用的哪个厂家的设备？
2019/2/13 14:42,PO5010809000040732019021356657,如果在打电话的过程中，可以清楚地听到有第三方讲话，是否说明此手机已被盗号？
2019/2/13 14:41,PO5010809000040732019021356656,“全球通”手机也可被并机吗？
2019/2/13 14:41,PO5010809000040732019021356655,手机在使用过程中出现掉线、无法接通的原因？
2019/2/13 11:24,PO5010809000040732019021356654,电话总是提示“暂时无法接通”是什么情况？
